<?xml version="1.0" encoding="UTF-8"?>
<project-private xmlns="http://www.netbeans.org/ns/project-private/1">
    <editor-bookmarks xmlns="http://www.netbeans.org/ns/editor-bookmarks/2" lastBookmarkId="0"/>
    <open-files xmlns="http://www.netbeans.org/ns/projectui-open-files/2">
        <group>
            <file>file:/C:/Users/user/Documents/NetBeansProjects/22RP03920/web/view-cart.html</file>
            <file>file:/C:/Users/user/Documents/NetBeansProjects/22RP03920/src/java/Assignment/AddItemServlet1.java</file>
            <file>file:/C:/Users/user/Documents/NetBeansProjects/22RP03920/web/index.html</file>
            <file>file:/C:/Users/user/Documents/NetBeansProjects/22RP03920/web/add-item.html</file>
            <file>file:/C:/Users/user/Documents/NetBeansProjects/22RP03920/web/WEB-INF/web.xml</file>
            <file>file:/C:/Users/user/Documents/NetBeansProjects/22RP03920/web/remove-item.html</file>
            <file>file:/C:/Users/user/Documents/NetBeansProjects/22RP03920/src/java/Assignment/ClearCartServlet1.java</file>
            <file>file:/C:/Users/user/Documents/NetBeansProjects/22RP03920/src/java/Assignment/ViewCartServlet1.java</file>
            <file>file:/C:/Users/user/Documents/NetBeansProjects/22RP03920/web/clear-cart.html</file>
            <file>file:/C:/Users/user/Documents/NetBeansProjects/22RP03920/src/java/Assignment/RemoveItemServlet1.java</file>
        </group>
    </open-files>
</project-private>
